identifier;strat_column_type;strat_column_status;strat_column_area_type;country;area;field;source;update_date;update_user;insert_date;insert_user;description;interpreter;uuid
LITHOSTRAT_CANADA ARTIC;lithostratigraphy;historical;regional;Canada;;;SLEGGE;2022-03-17T10:16:57;smda_opus;2018-04-17T14:55:44;STRATMASTER;;STAT;ad215071-c514-2e4b-e053-c918a4881b5c
LITHO_OSEBERG_MAIN;lithostratigraphy;official;field;Norway;;OSEBERG;SCE;2025-09-01T23:43:17;smda_fme;2018-04-17T12:55:44;STRATMASTER;;STAT;ad215071-c4e6-2e4b-e053-c918a4881b5c
STATOIL BIOZONATION 2008;biostratigraphy;historical;global;;;;SCE;2022-09-01T13:25:52;smda_opus;2018-04-17T14:55:44;STRATMASTER;;STAT;ad215071-c555-2e4b-e053-c918a4881b5c
LITHOSTRAT_NPD;lithostratigraphy;official;regional;Norway;;;FME;2025-02-04T09:06:07;smda_opus;2018-05-25T15:13:01;STRATMASTER;;NPD;ad215071-c564-2e4b-e053-c918a4881b5c
LITHOSTRAT EAST SHETLAND;lithostratigraphy;official;regional;United Kingdom;East Shetland Platform;;SCE;2025-08-31T23:38:45;smda_fme;2021-01-13T10:27:22;STRATMASTER;UK Offical lithostratigraphy for East Shetland (2016);STAT;b8c5bf17-d996-8a3f-e053-c818a488221f
GULF IRAQ;lithostratigraphy;historical;regional;Iraq;;;SLEGGE;2022-03-17T10:17:24;smda_opus;2018-04-17T14:55:44;STRATMASTER;;STAT;ad215071-c4d1-2e4b-e053-c918a4881b5c
LITHO_SVALIN 2015;lithostratigraphy;official;field;Norway;;SVALIN;SLEGGE;2025-08-31T23:38:45;smda_fme;2018-04-17T12:55:44;STRATMASTER;;STAT;ad215071-c4f2-2e4b-e053-c918a4881b5c
LITHO MARINER;lithostratigraphy;official;field;United Kingdom;;MARINER;SCE;2025-08-31T23:38:45;smda_fme;2020-01-15T07:56:10;STRATMASTER;;STAT;ad215071-c574-2e4b-e053-c918a4881b5c
GOM_PERDIDO_LITHOSTRAT;lithostratigraphy;official;regional;United States;;;SCE;2022-09-01T09:40:24;smda_opus;2018-04-17T14:55:44;STRATMASTER;;STAT;ad215071-c50b-2e4b-e053-c918a4881b5c
LITHO_SeaGap;lithostratigraphy;official;regional;Tanzania;Tanzania;;SCE;2025-08-31T23:38:45;smda_fme;2020-01-09T11:22:37;STRATMASTER;;STAT;ad215071-c56a-2e4b-e053-c918a4881b5c
RUM Full Field Model FFM05;lithostratigraphy;historical;field;Norway;;STATFJORD;SLEGGE;2025-08-31T23:38:45;smda_fme;2018-04-17T14:55:44;STRATMASTER;?;STAT;ad215071-c4d0-2e4b-e053-c918a4881b5c
LITHO_AASTA_HANSTEEN;lithostratigraphy;official;field;Norway;;AASTA HANSTEEN;SCE;2025-09-01T23:43:17;smda_fme;2018-04-17T12:55:44;STRATMASTER;;STAT;ad215071-c4b1-2e4b-e053-c918a4881b5c
LITHO_PEON;lithostratigraphy;official;discovery;Norway;;35/2-1 (Peon);SCE;2025-08-31T23:38:45;smda_fme;2020-07-03T13:09:55;STRATMASTER;;STAT;ad215071-c56e-2e4b-e053-c918a4881b5c
LITHO_SKRUGARD;lithostratigraphy;historical;field development;Norway;;JOHAN CASTBERG;SLEGGE;2025-09-01T23:43:17;smda_fme;2018-04-17T18:55:44;STRATMASTER;discovery part of JOHAN CASTBERG;STAT;ad215071-c533-2e4b-e053-c918a4881b5c
LITHO_GINA_KROG_2020;lithostratigraphy;official;field;Norway;;"EIRIN;GINA KROG";SCE;2025-08-31T23:38:45;smda_fme;2020-10-08T09:28:49;STRATMASTER;;STAT;b124c881-22c7-26c4-e053-c818a4883e79
GoM MFS 2011;sequence stratigraphy;historical;regional;United States;;;SLEGGE;2022-03-17T14:00:16;smda_opus;2018-04-17T16:55:44;STRATMASTER;;STAT;ad215071-c515-2e4b-e053-c918a4881b5c
North Viking Graben;lithostratigraphy;historical;regional;Norway;;;SLEGGE;2020-08-18T07:47:17;STRATMASTER;2018-04-17T12:55:44;STRATMASTER;;STAT;ad215071-c531-2e4b-e053-c918a4881b5c
H NORD ASTERO;lithostratigraphy;official;field;Norway;;"BYRDING;FRAM H-NORD";SCE;2025-08-31T23:38:45;smda_fme;2019-11-04T15:16:26;STRATMASTER;;STAT;ad215071-c56b-2e4b-e053-c918a4881b5c
UNCONFORMITY;technical events;official;global;;;;SCE;2024-09-19T12:05:17;smda_opus;2018-04-17T14:55:44;STRATMASTER;;STAT;ad215071-c512-2e4b-e053-c918a4881b5c
LITHO_GINA_KROG_2015;lithostratigraphy;historical;field;Norway;;GINA KROG;SLEGGE;2025-08-31T23:38:45;smda_fme;2018-04-17T12:55:44;STRATMASTER;;STAT;ad215071-c51d-2e4b-e053-c918a4881b5c
LITHOSTRAT FLEMISH JDA ORPHAN;lithostratigraphy;official;regional;Canada;Grand Banks;;SCE;2025-08-31T23:38:45;smda_fme;2019-10-31T12:16:29;STRATMASTER;;STAT;ad215071-c571-2e4b-e053-c918a4881b5c
LITHOSTRAT_IRAN_WEST;lithostratigraphy;historical;regional;Iran;;;SLEGGE;2023-02-27T14:14:26;smda_opus;2018-04-17T16:55:44;STRATMASTER;;STAT;ad215071-c4b4-2e4b-e053-c918a4881b5c
LITHO_Statfjord;lithostratigraphy;official;field;Norway;;"BARNACLE;STATFJORD";SCE;2025-08-31T23:38:45;smda_fme;2018-04-17T12:55:44;STRATMASTER;;STAT;ad215071-c539-2e4b-e053-c918a4881b5c
LITHO_GUDRUN;lithostratigraphy;official;field;Norway;;GUDRUN;SCE;2025-08-31T23:38:45;smda_fme;2018-04-17T12:55:44;STRATMASTER;;STAT;ad215071-c4f0-2e4b-e053-c918a4881b5c
STATFJORD ZONES;lithostratigraphy;historical;field;Norway;;STATFJORD;SLEGGE;2025-08-31T23:38:45;smda_fme;2018-04-17T12:55:44;STRATMASTER;;STAT;ad215071-c4b6-2e4b-e053-c918a4881b5c
LITHO_Martin_Linge;lithostratigraphy;official;field;Norway;;MARTIN LINGE;SCE;2025-08-31T23:38:45;smda_fme;2019-11-15T14:12:29;STRATMASTER;;STAT;ad215071-c573-2e4b-e053-c918a4881b5c
AUS LITHOSTRAT CEDUNA;lithostratigraphy;official;regional;Australia;Ceduna;;SCE;2025-08-31T23:38:45;smda_fme;2019-09-12T15:40:44;STRATMASTER;;STAT;ad215071-c4a3-2e4b-e053-c918a4881b5c
LITHOSTRAT_FOZ_DO_AMAZONAS;lithostratigraphy;unknown;regional;Brazil;;;SLEGGE;2022-09-01T10:20:12;smda_opus;2018-04-17T14:55:44;STRATMASTER;;STAT;ad215071-c525-2e4b-e053-c918a4881b5c
LITHO_SANTOS;lithostratigraphy;historical;regional;Brazil;Santos;;SLEGGE;2025-08-31T23:38:45;smda_fme;2018-04-17T14:55:44;STRATMASTER;;STAT;ad215071-c502-2e4b-e053-c918a4881b5c
LITHOSTRAT_Mabruk;lithostratigraphy;historical;field;Libya;;MABRUK;SLEGGE;2023-10-02T22:34:03;smda_fme;2018-04-17T14:55:44;STRATMASTER;;STAT;ad215071-c4ba-2e4b-e053-c918a4881b5c
Non Marine;lithostratigraphy;historical;regional;;;;SLEGGE;2022-09-01T10:26:12;smda_opus;2018-04-17T16:55:44;STRATMASTER;;STAT;ad215071-c55d-2e4b-e053-c918a4881b5c
LITHOSTRAT_CAMAMU;lithostratigraphy;unknown;regional;Brazil;;;SLEGGE;2022-09-01T10:20:14;smda_opus;2018-04-17T14:55:44;STRATMASTER;;STAT;ad215071-c4f5-2e4b-e053-c918a4881b5c
MFS_ATLANTIC_MARGIN;sequence stratigraphy;historical;regional;United Kingdom;;;SLEGGE;2022-09-01T10:26:17;smda_opus;2018-04-17T16:55:44;STRATMASTER;;STAT;ad215071-c50e-2e4b-e053-c918a4881b5c
LITHO_OSEBERG_SOUTH;lithostratigraphy;official;field;Norway;;OSEBERG SØR;SCE;2025-09-01T23:43:17;smda_fme;2018-04-17T12:55:44;STRATMASTER;;STAT;ad215071-c4dc-2e4b-e053-c918a4881b5c
AUS CEDUNA SEISMIC SEQUENCES;lithostratigraphy;official;regional;Australia;Ceduna;;SCE;2025-08-31T23:38:45;smda_fme;2019-09-12T15:39:54;STRATMASTER;;STAT;ad215071-c4a2-2e4b-e053-c918a4881b5c
LITHO_GHADAMIS;lithostratigraphy;historical;regional;Algeria;;;SLEGGE;2023-02-27T14:14:27;smda_opus;2018-04-17T16:55:44;STRATMASTER;;STAT;ad215071-c54b-2e4b-e053-c918a4881b5c
GoM NANNO EVENTS 2011;biostratigraphy;unknown;regional;United States;;;SLEGGE;2022-03-17T11:45:55;smda_opus;2018-04-17T14:55:44;STRATMASTER;;STAT;ad215071-c51e-2e4b-e053-c918a4881b5c
GUDRUN;lithostratigraphy;official;field;Norway;;GUDRUN;SCE;2025-08-31T23:38:45;smda_fme;2018-04-17T12:55:44;STRATMASTER;;STAT;ad215071-c537-2e4b-e053-c918a4881b5c
PRODUCING_ZONES;lithostratigraphy;official;field;Norway;;STATFJORD;SCE;2025-08-31T23:38:45;smda_fme;2018-04-17T14:55:44;STRATMASTER;?;STAT;ad215071-c55a-2e4b-e053-c918a4881b5c
SEQUENCE STRAT UK;sequence stratigraphy;official;regional;United Kingdom;;;SCE;2021-01-13T14:48:05;STRATMASTER;2021-01-13T10:27:51;STRATMASTER;Offical sequence stratigraphic column for UK. Column buildt in 2020. Approved by Oliver Jordan and Emmanuelle Baudia.;STAT;b8c5c0d3-43a2-9021-e053-c818a4880eda
LITHOSTRAT_ATLANTIC_MARGIN;lithostratigraphy;official;regional;;;;SCE;2022-03-17T13:48:39;smda_opus;2018-04-17T14:55:44;STRATMASTER;;STAT;ad215071-c532-2e4b-e053-c918a4881b5c
LITHO_Statfjord M2004;lithostratigraphy;historical;field;Norway;;STATFJORD;SLEGGE;2025-08-31T23:38:45;smda_fme;2018-04-17T12:55:44;STRATMASTER;;STAT;ad215071-c561-2e4b-e053-c918a4881b5c
NORNE_2018;lithostratigraphy;official;field;Norway;;"ALVE;NORNE;SKULD;URD";SCE;2025-09-01T23:43:17;smda_fme;2019-04-15T08:39:23;STRATMASTER;;STAT;ad215071-c499-2e4b-e053-c918a4881b5c
LITHO_Piri;lithostratigraphy;official;discovery;Tanzania;Tanzania;Piri;SCE;2025-08-31T23:38:45;smda_fme;2020-01-09T11:24:30;STRATMASTER;;STAT;ad215071-c567-2e4b-e053-c918a4881b5c
LITHOSTRAT_MORVIN;lithostratigraphy;official;field;Norway;;MORVIN;SLEGGE;2025-08-31T23:38:45;smda_fme;2018-04-17T12:55:44;STRATMASTER;;STAT;ad215071-c4a5-2e4b-e053-c918a4881b5c
NORNE_2006;lithostratigraphy;historical;field;Norway;;NORNE;SCE;2025-08-31T23:38:45;smda_fme;2018-04-17T12:55:44;STRATMASTER;;STAT;ad215071-c560-2e4b-e053-c918a4881b5c
LITHO_Statfjord_Nord;lithostratigraphy;official;field;Norway;;STATFJORD NORD;SCE;2025-08-31T23:38:45;smda_fme;2018-04-17T12:55:44;STRATMASTER;;STAT;ad215071-c4ed-2e4b-e053-c918a4881b5c
LITHOSTRAT ESB_UB_NVG UK;lithostratigraphy;official;regional;United Kingdom;;;SCE;2021-01-13T14:48:05;STRATMASTER;2021-01-13T10:27:27;STRATMASTER;UK Offical lithostratigraphy for East Shetland Basin, Unst Basin and North Viking Graben (2016);STAT;b8c5bf63-aa3b-8ac6-e053-c818a488a856
TECHNICAL_EVENTS;;official;global;;;;SCE;2022-09-01T13:25:55;smda_opus;2018-04-17T14:55:44;STRATMASTER;;STAT;ad215071-c507-2e4b-e053-c918a4881b5c
CHRONO_2012;chronostratigraphy;historical;global;;;;SLEGGE;2021-12-20T09:29:51;db_admin;2018-04-17T12:55:44;STRATMASTER;;STAT;ad215071-c548-2e4b-e053-c918a4881b5c
LITHOSTRAT_GUNGNE;lithostratigraphy;official;field;Norway;;GUNGNE;SCE;2025-08-31T23:38:45;smda_fme;2018-04-17T12:55:44;STRATMASTER;;STAT;ad215071-c486-2e4b-e053-c918a4881b5c
LITHOSTRAT_LIBYA;lithostratigraphy;historical;regional;Libya;;;SLEGGE;2022-03-17T10:18:04;smda_opus;2018-04-17T14:55:44;STRATMASTER;;STAT;ad215071-c4a7-2e4b-e053-c918a4881b5c
NW Europe;chronostratigraphy;historical;regional;;;;SLEGGE;2022-03-17T14:00:18;smda_opus;2018-04-17T16:55:44;STRATMASTER;;STAT;ad215071-c535-2e4b-e053-c918a4881b5c
VALEMON 2011;lithostratigraphy;official;field;Norway;;VALEMON;SLEGGE;2025-08-31T23:38:45;smda_fme;2018-04-17T12:55:44;STRATMASTER;;STAT;ad215071-c4ca-2e4b-e053-c918a4881b5c
TROLL;lithostratigraphy;official;field;Norway;;TROLL;SCE;2025-08-31T23:38:45;smda_fme;2018-04-17T12:55:44;STRATMASTER;;STAT;ad215071-c4e5-2e4b-e053-c918a4881b5c
CHRONO_2008;chronostratigraphy;historical;global;;;;SCE;2022-03-17T10:36:32;smda_opus;2018-04-17T14:55:44;STRATMASTER;;STAT;ad215071-c54c-2e4b-e053-c918a4881b5c
GoM Salt;lithostratigraphy;historical;regional;United States;;;SLEGGE;2022-03-17T14:00:20;smda_opus;2018-04-17T16:55:44;STRATMASTER;;STAT;ad215071-c4e9-2e4b-e053-c918a4881b5c
LITHO_SNOHVIT;lithostratigraphy;historical;field;Norway;;SNØHVIT;SLEGGE;2025-09-01T23:43:17;smda_fme;2018-04-17T12:55:44;STRATMASTER;;STAT;ad215071-c52a-2e4b-e053-c918a4881b5c
Njord Gygrid;lithostratigraphy;historical;field;Norway;;NJORD;SLEGGE;2025-08-31T23:38:45;smda_fme;2018-04-17T12:55:44;STRATMASTER;;STAT;ad215071-c4c7-2e4b-e053-c918a4881b5c
LITHO_Statfjord_ost_04;lithostratigraphy;historical;field;Norway;;STATFJORD ØST;SCE;2025-08-31T23:38:45;smda_fme;2018-04-17T12:55:44;STRATMASTER;;STAT;ad215071-c4ac-2e4b-e053-c918a4881b5c
Algeria_Chrono;lithostratigraphy;official;regional;Algeria;;;SCE;2022-03-17T10:36:33;smda_opus;2018-04-17T14:55:44;STRATMASTER;;STAT;ad215071-c4fb-2e4b-e053-c918a4881b5c
GoM Equat Plank. Foram Events;biostratigraphy;official;regional;United States;;;SCE;2022-03-28T13:10:22;smda_opus;2018-04-17T16:55:44;STRATMASTER;;STAT;ad215071-c526-2e4b-e053-c918a4881b5c
LITHO_Giligiliani;lithostratigraphy;official;discovery;Tanzania;Tanzania;Giligiliani;SCE;2025-08-31T23:38:45;smda_fme;2020-01-09T13:11:18;STRATMASTER;;STAT;ad215071-c56c-2e4b-e053-c918a4881b5c
LITHO_MIKKEL;lithostratigraphy;official;field;Norway;;MIKKEL;SCE;2025-08-31T23:38:45;smda_fme;2018-04-17T12:55:44;STRATMASTER;;STAT;ad215071-c54d-2e4b-e053-c918a4881b5c
NJORD_AREA_2019;lithostratigraphy;historical;field;Norway;;"BAUGE;HYME;NJORD";SCE;2025-08-31T23:38:45;smda_fme;2019-03-13T12:55:27;STRATMASTER;;STAT;ad215071-c497-2e4b-e053-c918a4881b5c
LITHOSTRAT_IDUN_SKARV;lithostratigraphy;unknown;field;Norway;;SKARV;SLEGGE;2025-08-31T23:38:45;smda_fme;2018-04-17T14:55:44;STRATMASTER;;STAT;ad215071-c549-2e4b-e053-c918a4881b5c
KVITBJORN;lithostratigraphy;historical;field;Norway;;KVITEBJØRN;SLEGGE;2025-08-31T23:38:45;smda_fme;2018-04-17T12:55:44;STRATMASTER;;STAT;ad215071-c4a8-2e4b-e053-c918a4881b5c
YME98;lithostratigraphy;official;field;Norway;;YME;SLEGGE;2025-08-31T23:38:45;smda_fme;2018-04-17T12:55:44;STRATMASTER;;STAT;ad215071-c553-2e4b-e053-c918a4881b5c
LITHOSTRAT_CUMURUXATIBA;lithostratigraphy;unknown;regional;Brazil;;;SLEGGE;2022-09-01T10:20:17;smda_opus;2018-04-17T14:55:44;STRATMASTER;;STAT;ad215071-c4a9-2e4b-e053-c918a4881b5c
CHRONO;chronostratigraphy;historical;global;;;;SLEGGE;2022-03-17T10:36:35;smda_opus;2018-04-17T14:55:44;STRATMASTER;;STAT;ad215071-c55e-2e4b-e053-c918a4881b5c
FLUID;fluid lithostratigraphy;official;global;;;;SLEGGE;2022-03-17T11:23:22;smda_opus;2018-04-17T14:55:44;STRATMASTER;;STAT;ad215071-c4f9-2e4b-e053-c918a4881b5c
LITHO_Zafarani;lithostratigraphy;official;discovery;Tanzania;Tanzania;Zafarani;SCE;2025-08-31T23:38:45;smda_fme;2020-01-09T11:20:24;STRATMASTER;;STAT;ad215071-c569-2e4b-e053-c918a4881b5c
KVITEBJORN;lithostratigraphy;historical;field;Norway;;KVITEBJØRN;SLEGGE;2025-08-31T23:38:45;smda_fme;2018-04-17T12:55:44;STRATMASTER;;STAT;ad215071-c50f-2e4b-e053-c918a4881b5c
LITHO_SLV_2000;lithostratigraphy;historical;field;Norway;;SLEIPNER VEST;SCE;2025-08-31T23:38:45;smda_fme;2018-04-17T12:55:44;STRATMASTER;;STAT;ad215071-c4cb-2e4b-e053-c918a4881b5c
NJORD 2012;lithostratigraphy;historical;field;Norway;;NJORD;SLEGGE;2025-08-31T23:38:45;smda_fme;2018-04-17T12:55:44;STRATMASTER;;STAT;ad215071-c4df-2e4b-e053-c918a4881b5c
LITHOSTRAT_HFB;lithostratigraphy;official;field;Norway;;SNØHVIT;SCE;2025-09-01T23:43:17;smda_fme;2018-04-17T12:55:44;STRATMASTER;;STAT;ad215071-c552-2e4b-e053-c918a4881b5c
LITHOSTRAT MNSH 2016;lithostratigraphy;official;regional;United Kingdom;Mid North Sea High;;SCE;2025-08-31T23:38:45;smda_fme;2021-01-13T10:28:09;STRATMASTER;Stratigraphic column for UK Mid North Sea High;STAT;b8c5c1dc-bff6-9219-e053-c818a488f82f
WILCOX Lithostrat;lithostratigraphy;historical;regional;United States;;;SLEGGE;2022-09-01T13:50:25;smda_opus;2018-04-17T14:55:44;STRATMASTER;;STAT;ad215071-c4c5-2e4b-e053-c918a4881b5c
SB_global;sequence stratigraphy;unknown;global;;;;SLEGGE;2022-03-17T13:51:23;smda_opus;2018-04-17T14:55:44;STRATMASTER;;STAT;ad215071-c4f7-2e4b-e053-c918a4881b5c
LITHOSTRAT_NVG_LXNS;lithostratigraphy;historical;field;Norway;;BRYNHILD;SLEGGE;2025-08-31T23:38:45;smda_fme;2018-04-17T14:55:44;STRATMASTER;Brynhild PL187 SOL EXP (discovery);STAT;ad215071-c53d-2e4b-e053-c918a4881b5c
LITHO_BREIDA;lithostratigraphy;official;field;Norway;;BREIDABLIKK;SCE;2025-08-31T23:38:45;smda_fme;2020-04-17T11:07:50;STRATMASTER;;STAT;ad215071-c575-2e4b-e053-c918a4881b5c
Gullfaks_Brent_modell;lithostratigraphy;historical;field;Norway;;GULLFAKS;SCE;2025-09-01T23:43:17;smda_fme;2018-04-17T12:55:44;STRATMASTER;;STAT;ad215071-c48d-2e4b-e053-c918a4881b5c
LITHO_ASGARD;lithostratigraphy;official;field;Norway;;"6506/9-2 S (Fogelberg);ÅSGARD;YTTERGRYTA";SCE;2025-09-25T22:46:44;smda_fme;2018-04-17T12:55:44;STRATMASTER;;STAT;ad215071-c4c2-2e4b-e053-c918a4881b5c
VISUND_Sequence_2016;sequence stratigraphy;historical;field;Norway;;"VISUND;VISUND SØR";SCE;2025-08-31T23:38:45;smda_fme;2019-01-14T14:49:16;STRATMASTER;Mix of Lithostratigraphy in Overburden section and sequence stratigraphy at reservoir level for reservoir zonation (flow units).;STAT;ad215071-c496-2e4b-e053-c918a4881b5c
LITHO_MORVIN;lithostratigraphy;official;field;Norway;;MORVIN;SCE;2025-08-31T23:38:45;smda_fme;2018-04-17T12:55:44;STRATMASTER;;STAT;ad215071-c522-2e4b-e053-c918a4881b5c
LITHOSTRAT_NVG;lithostratigraphy;official;regional;Norway;"Bergen High (Horda Platform);East Shetland Basin (Viking Graben Province);Lomre Terrace (Viking Graben Province);Maloy Slope (Viking Graben Province);Marflo Spur (Viking Graben Province);North Viking Graben (Viking Graben Province);Oseberg Fault Block (Horda Platform);Selje Horst (Viking Graben Province);Sogn Graben (Viking Graben Province);Tampen Spur (Viking Graben Province);Uer Terrace (Viking Graben Province)";;SCE;2025-10-31T11:31:30;smda_fme;2018-04-17T12:55:44;STRATMASTER;;STAT;ad215071-c4cf-2e4b-e053-c918a4881b5c
ALG_IA_TIG_RESERVOIR_JV08;lithostratigraphy;official;field;Algeria;;IN AMENAS;SCE;2025-08-31T23:38:45;smda_fme;2019-12-19T15:39:03;STRATMASTER;;STAT;ad215071-c56d-2e4b-e053-c918a4881b5c
LITHOSTRAT_ALMADA;lithostratigraphy;unknown;regional;Brazil;;;SLEGGE;2023-02-27T14:14:29;smda_opus;2018-04-17T14:55:44;STRATMASTER;;STAT;ad215071-c529-2e4b-e053-c918a4881b5c
RESERVOIR_ANG_BL15;lithostratigraphy;official;regional;Angola;;;SLEGGE;2022-07-07T09:16:31;db_admin;2018-04-17T14:55:44;STRATMASTER;Stratigraphic column provided by ESSO EXPLORATION ANGOLA (BLOCK 15) LTD.;STAT;ad215071-c4ab-2e4b-e053-c918a4881b5c
CAMPOS_BMC33;lithostratigraphy;official;field;Brazil;;RAIA;SCE;2025-08-31T23:38:45;smda_fme;2019-05-15T13:25:01;STRATMASTER;;STAT;ad215071-c49c-2e4b-e053-c918a4881b5c
FRAM OST;lithostratigraphy;official;field;Norway;;FRAM;SCE;2025-11-27T21:33:33;smda_fme;2018-11-29T14:35:14;STRATMASTER;;STAT;ad215071-c48e-2e4b-e053-c918a4881b5c
LITHO_Statfjord_ost_99;lithostratigraphy;historical;field;Norway;;STATFJORD ØST;SLEGGE;2025-08-31T23:38:45;smda_fme;2018-04-17T12:55:44;STRATMASTER;;STAT;ad215071-c4db-2e4b-e053-c918a4881b5c
RES_SVALE;lithostratigraphy;official;discovery;Norway;;6608/10-6 Svale;SCE;2025-08-31T23:38:45;smda_fme;2018-04-17T14:55:44;STRATMASTER;;STAT;ad215071-c506-2e4b-e053-c918a4881b5c
LITHO King Lear;lithostratigraphy;historical;discovery;Norway;;2/4-21 Fenris;SLEGGE;2025-08-31T23:38:45;smda_fme;2018-04-17T14:55:44;STRATMASTER;;STAT;ad215071-c545-2e4b-e053-c918a4881b5c
Statfjord_SIM96;lithostratigraphy;historical;field;Norway;;STATFJORD;SLEGGE;2025-08-31T23:38:45;smda_fme;2018-04-17T12:55:44;STRATMASTER;;STAT;ad215071-c550-2e4b-e053-c918a4881b5c
UNCONFORMITY_BRAZIL;sequence stratigraphy;historical;regional;Brazil;;;SLEGGE;2022-03-17T10:15:52;smda_opus;2018-04-17T14:55:44;STRATMASTER;;STAT;ad215071-c4ce-2e4b-e053-c918a4881b5c
LITHOSTRAT_SVG;lithostratigraphy;official;regional;Norway;"Central Viking Graben (Viking Graben Province);Gudrun Terrace (Viking Graben Province);Heimdal Terrace (Viking Graben Province);Ling High (Horda Platform);South Viking Graben (Viking Graben Province);Stord Basin (Horda Platform);Utsira High (Horda Platform)";;SCE;2026-03-25T08:40:51;smda_fme;2018-04-17T14:55:44;STRATMASTER;"Used by Sleipner area in semi regional correlations ";STAT;ad215071-c4eb-2e4b-e053-c918a4881b5c
GoM PLANKTIC FORAM EVENTS 2011;biostratigraphy;historical;regional;United States;;;SLEGGE;2022-03-17T14:00:22;smda_opus;2018-04-17T16:55:44;STRATMASTER;;STAT;ad215071-c4cd-2e4b-e053-c918a4881b5c
LITHOSTRAT_NDB;lithostratigraphy;official;regional;Norway;"Fennoscandian Border Zone;Norwegian-Danish Basin";;SCE;2026-03-25T08:44:08;smda_fme;2018-04-17T12:55:44;STRATMASTER;;STAT;ad215071-c498-2e4b-e053-c918a4881b5c
LITHOSTRAT_PELOTAS;lithostratigraphy;unknown;regional;Brazil;;;SLEGGE;2022-09-01T10:20:19;smda_opus;2018-04-17T14:55:44;STRATMASTER;;STAT;ad215071-c54a-2e4b-e053-c918a4881b5c
Ty_Fm_High_Low_Resistivity;lithostratigraphy;historical;;;;;SLEGGE;2022-03-17T13:59:56;smda_opus;2018-04-17T14:55:44;STRATMASTER;?;STAT;ad215071-c557-2e4b-e053-c918a4881b5c
South Viking Graben;lithostratigraphy;historical;regional;;;;SLEGGE;2022-03-17T11:51:14;smda_opus;2018-04-17T14:55:44;STRATMASTER;;STAT;ad215071-c4bb-2e4b-e053-c918a4881b5c
AZERBAIJAN LITHOSTRATIGRAPHY;lithostratigraphy;historical;regional;Azerbaijan;;;SLEGGE;2022-03-17T10:08:09;smda_opus;2018-04-17T14:55:44;STRATMASTER;;STAT;ad215071-c55b-2e4b-e053-c918a4881b5c
CHRONO IRAN;chronostratigraphy;historical;regional;;;;SLEGGE;2022-03-17T10:36:37;smda_opus;2018-04-17T14:55:44;STRATMASTER;;STAT;ad215071-c523-2e4b-e053-c918a4881b5c
LITHO_Statfjord_ost;lithostratigraphy;official;field;Norway;;STATFJORD ØST;SLEGGE;2025-08-31T23:38:45;smda_fme;2018-04-17T12:55:44;STRATMASTER;;STAT;ad215071-c513-2e4b-e053-c918a4881b5c
HEIDRUN;lithostratigraphy;official;field;Norway;;HEIDRUN;SCE;2025-08-31T23:38:45;smda_fme;2018-04-17T12:55:44;STRATMASTER;;STAT;ad215071-c55c-2e4b-e053-c918a4881b5c
Snorre Seq Strat 2004;sequence stratigraphy;official;field;Norway;;SNORRE;SCE;2025-08-31T23:38:45;smda_fme;2018-04-17T14:55:44;STRATMASTER;Mix of Lithostratigraphy in Overburden section and sequence stratigraphy at reservoir level for reservoir zonation (flow units).;STAT;ad215071-c52b-2e4b-e053-c918a4881b5c
LITHO_VOLVE;lithostratigraphy;official;field;Norway;;VOLVE;SCE;2025-08-31T23:38:45;smda_fme;2018-04-17T12:55:44;STRATMASTER;;STAT;ad215071-c509-2e4b-e053-c918a4881b5c
LITHO_GRANE;lithostratigraphy;historical;field;Norway;;"GRANE;SVALIN";SCE;2026-02-25T08:05:32;ROKOP@equinor.com;2018-04-17T12:55:44;STRATMASTER;;STAT;ad215071-c4ad-2e4b-e053-c918a4881b5c
LUVA 2011;lithostratigraphy;historical;field;Norway;;AASTA HANSTEEN;SLEGGE;2025-09-01T23:43:17;smda_fme;2018-04-17T14:55:44;STRATMASTER;discovery part of Aasta Hansteen;STAT;ad215071-c540-2e4b-e053-c918a4881b5c
LITHOSTRAT SANTOS;lithostratigraphy;official;regional;Brazil;Santos;;SCE;2025-08-31T23:38:45;smda_fme;2018-08-14T15:47:54;STRATMASTER;;STAT;ad215071-c566-2e4b-e053-c918a4881b5c
LITHO_SNORRE;lithostratigraphy;official;field;Norway;;"SNORRE;TORDIS;VIGDIS";SCE;2025-09-01T23:43:17;smda_fme;2018-11-05T14:22:35;STRATMASTER;Mainly used for the overburden on Snorre but it is also used by Tordis/Vigdis for both overburden and reservoir based on lithology (ex. Brent formations Tarbert to Broom, different from the seq strati based Tordis Vigdis Seq Strat with B6 to Brent 1 zonation);STAT;ad215071-c484-2e4b-e053-c918a4881b5c
LITHOSTRAT_SERGIPE_ALAGOAS;lithostratigraphy;unknown;regional;Brazil;;;SLEGGE;2022-09-01T10:20:21;smda_opus;2018-04-17T14:55:44;STRATMASTER;;STAT;ad215071-c543-2e4b-e053-c918a4881b5c
SB_NIGERIA;sequence stratigraphy;unknown;regional;Nigeria;;;SLEGGE;2022-03-17T10:22:18;smda_opus;2018-04-17T14:55:44;STRATMASTER;;STAT;ad215071-c4d8-2e4b-e053-c918a4881b5c
MFS_global;sequence stratigraphy;historical;regional;;;;SLEGGE;2022-09-01T10:26:18;smda_opus;2018-04-17T16:55:44;STRATMASTER;;STAT;ad215071-c4d3-2e4b-e053-c918a4881b5c
TROLL WEST;lithostratigraphy;official;field;Norway;;TROLL;SCE;2025-08-31T23:38:45;smda_fme;2018-04-17T12:55:44;STRATMASTER;;STAT;ad215071-c487-2e4b-e053-c918a4881b5c
LITHOSTRAT_PARAIBA_PERNAMBUCO;lithostratigraphy;unknown;regional;Brazil;;;SLEGGE;2022-09-01T10:20:23;smda_opus;2018-04-17T14:55:44;STRATMASTER;;STAT;ad215071-c4b8-2e4b-e053-c918a4881b5c
LITHO_SMB_2014;lithostratigraphy;official;discovery;Norway;;"6506/12-12 S (Smørbukk Nordøst);6506/12-1 Smørbukk;6506/9-2 S (Fogelberg);6506/9-3 (Smørbukk Nord)";SCE;2025-08-31T23:38:45;smda_fme;2019-04-29T11:42:36;STRATMASTER;Smørbrukk , discovery part of Åsgard;STAT;ad215071-c49b-2e4b-e053-c918a4881b5c
Tordis Seq Strat;lithostratigraphy;historical;field;Norway;;TORDIS;SCE;2025-09-01T23:43:17;smda_fme;2018-11-09T10:03:41;STRATMASTER;;STAT;ad215071-c48a-2e4b-e053-c918a4881b5c
LITHO_HALTENBANKEN_VEST;lithostratigraphy;official;field;Norway;;KRISTIN;SCE;2026-01-06T21:25:06;smda_fme;2018-04-17T12:55:44;STRATMASTER;;STAT;ad215071-c4e1-2e4b-e053-c918a4881b5c
LITHO_CAMPOS;lithostratigraphy;historical;regional;Brazil;Campos;;SLEGGE;2025-08-31T23:38:45;smda_fme;2018-04-17T16:55:44;STRATMASTER;;STAT;ad215071-c4f3-2e4b-e053-c918a4881b5c
Kvitebjorn_Valemon 2018;lithostratigraphy;official;field;Norway;;"KVITEBJØRN;VALEMON";SCE;2025-08-31T23:38:45;smda_fme;2019-01-09T12:42:10;STRATMASTER;;STAT;ad215071-c494-2e4b-e053-c918a4881b5c
LITHOSTRAT_ALASKA_CHUKCHI_SEA;lithostratigraphy;official;regional;United States;;;SCE;2022-03-17T13:49:08;smda_opus;2018-04-17T14:55:44;STRATMASTER;;STAT;ad215071-c485-2e4b-e053-c918a4881b5c
Statfjord Full Field Model FFM05;lithostratigraphy;historical;field;Norway;;STATFJORD;SLEGGE;2025-08-31T23:38:45;smda_fme;2018-04-17T14:55:44;STRATMASTER;Use for reservoir model 2005;STAT;ad215071-c50d-2e4b-e053-c918a4881b5c
LITHOSTRAT_ALVE;lithostratigraphy;official;field;Norway;;ALVE;SLEGGE;2025-08-31T23:38:45;smda_fme;2018-04-17T12:55:44;STRATMASTER;;STAT;ad215071-c4dd-2e4b-e053-c918a4881b5c
LITHOSTRAT SOUTH PARS;lithostratigraphy;historical;field;Iran;;PARS SOUTH;SLEGGE;2025-08-31T23:38:45;smda_fme;2018-04-17T16:55:44;STRATMASTER;;STAT;ad215071-c4e3-2e4b-e053-c918a4881b5c
VESLEFRIKK;lithostratigraphy;official;field;Norway;;VESLEFRIKK;SCE;2025-08-31T23:38:45;smda_fme;2018-04-17T12:55:44;STRATMASTER;;STAT;ad215071-c500-2e4b-e053-c918a4881b5c
MFS_GoM;sequence stratigraphy;historical;regional;United States;;;SLEGGE;2022-09-01T10:26:21;smda_opus;2018-04-17T16:55:44;STRATMASTER;;STAT;ad215071-c4bd-2e4b-e053-c918a4881b5c
LITHO SANTOS BMS8;lithostratigraphy;official;field;Brazil;;"BACALHAU;BACALHAU NORTE";SCE;2025-08-31T23:38:45;smda_fme;2019-08-14T09:57:38;STRATMASTER;;STAT;ad215071-c4a0-2e4b-e053-c918a4881b5c
LITHO_HALTEN_W_PS_GARN;lithostratigraphy;historical;field;Norway;;;SCE;2024-04-10T09:55:25;smda_opus;2018-04-17T14:55:44;STRATMASTER;;STAT;ad215071-c511-2e4b-e053-c918a4881b5c
SEQUENCESTRAT CRET MIDN;sequence stratigraphy;official;regional;Norway;;;SCE;2020-08-18T07:47:17;STRATMASTER;2019-04-23T10:07:10;STRATMASTER;;STAT;ad215071-c49a-2e4b-e053-c918a4881b5c
STATOIL SVG BIOZONATION;biostratigraphy;historical;global;;;;SLEGGE;2022-03-17T11:51:12;smda_opus;2018-04-17T14:55:44;STRATMASTER;;STAT;ad215071-c4b7-2e4b-e053-c918a4881b5c
UNCONFORMITY_SF;sequence stratigraphy;historical;field;Norway;;;SCE;2022-09-01T13:42:01;smda_opus;2018-04-17T16:55:44;STRATMASTER;;STAT;ad215071-c524-2e4b-e053-c918a4881b5c
LITHO_SLV_2010;lithostratigraphy;official;field;Norway;;SLEIPNER VEST;SCE;2025-08-31T23:38:45;smda_fme;2019-09-18T08:30:07;STRATMASTER;;STAT;ad215071-c56f-2e4b-e053-c918a4881b5c
GoM BENTHIC FORAM EVENTS 2011;biostratigraphy;unknown;regional;;;;SLEGGE;2022-08-31T15:43:58;smda_opus;2018-04-17T16:55:44;STRATMASTER;;STAT;ad215071-c4fd-2e4b-e053-c918a4881b5c
VISUND_Sequence;lithostratigraphy;historical;field;Norway;;VISUND;SCE;2025-08-31T23:38:45;smda_fme;2018-04-17T12:55:44;STRATMASTER;;STAT;ad215071-c489-2e4b-e053-c918a4881b5c
LITHO_HALTEN_SOR_2014;lithostratigraphy;historical;field;Norway;;TRESTAKK;SCE;2025-08-31T23:38:45;smda_fme;2018-04-17T12:55:44;STRATMASTER;;STAT;ad215071-c534-2e4b-e053-c918a4881b5c
LITHO_Brage;lithostratigraphy;official;field;Norway;;BRAGE;SCE;2025-09-01T23:43:17;smda_fme;2018-11-29T14:35:15;STRATMASTER;;STAT;ad215071-c48f-2e4b-e053-c918a4881b5c
Agbami Reservoir Zonation;lithostratigraphy;official;field;Nigeria;;AGBAMI;SCE;2025-08-31T23:38:45;smda_fme;2018-04-17T14:55:44;STRATMASTER;;STAT;ad215071-c536-2e4b-e053-c918a4881b5c
NORNE_2002;lithostratigraphy;historical;field;Norway;;NORNE;SLEGGE;2025-08-31T23:38:45;smda_fme;2018-04-17T12:55:44;STRATMASTER;;STAT;ad215071-c53b-2e4b-e053-c918a4881b5c
LITHO_OSEBERG_TUNE;lithostratigraphy;official;field;Norway;;TUNE;SCE;2025-08-31T23:38:45;smda_fme;2018-04-17T12:55:44;STRATMASTER;;STAT;ad215071-c4e2-2e4b-e053-c918a4881b5c
LITHO_GRAND;lithostratigraphy;historical;field;Norway;;BREIDABLIKK;SLEGGE;2025-08-31T23:38:45;smda_fme;2018-04-17T12:55:44;STRATMASTER;;STAT;ad215071-c542-2e4b-e053-c918a4881b5c
SFINX RIM-STAT-STRUC;lithostratigraphy;historical;;Norway;;;SLEGGE;2022-03-17T11:51:08;smda_opus;2018-04-17T14:55:44;STRATMASTER;;STAT;ad215071-c4ec-2e4b-e053-c918a4881b5c
RES_STAER;lithostratigraphy;historical;discovery;Norway;;6608/10-8 Stær;SLEGGE;2025-08-31T23:38:45;smda_fme;2018-04-17T16:55:44;STRATMASTER;;STAT;ad215071-c50c-2e4b-e053-c918a4881b5c
SEQEUNCE_Statfjord;sequence stratigraphy;historical;field;Norway;;STATFJORD;SLEGGE;2025-08-31T23:38:45;smda_fme;2018-04-17T12:55:44;STRATMASTER;;STAT;ad215071-c517-2e4b-e053-c918a4881b5c
LITHOSTRAT_IRAN;lithostratigraphy;unknown;regional;Iran;;;SLEGGE;2023-02-27T15:01:39;smda_opus;2018-04-17T14:55:44;STRATMASTER;;STAT;ad215071-c4de-2e4b-e053-c918a4881b5c
SLV_FLOW_UNIT_ZONATION;lithostratigraphy;official;field;Norway;;SLEIPNER VEST;SCE;2025-08-31T23:38:45;smda_fme;2019-09-18T08:28:38;STRATMASTER;;STAT;ad215071-c568-2e4b-e053-c918a4881b5c
INTRA COLUMN INT;lithostratigraphy;historical;;;;;SLEGGE;2022-03-17T14:00:24;smda_opus;2018-04-17T16:55:44;STRATMASTER;Delete?;STAT;ad215071-c4ae-2e4b-e053-c918a4881b5c
NANNO_ZONE_NIGERIA;biostratigraphy;unknown;regional;Nigeria;;;SLEGGE;2022-03-17T10:21:43;smda_opus;2018-04-17T14:55:44;STRATMASTER;;STAT;ad215071-c4e8-2e4b-e053-c918a4881b5c
LITHOSTRAT_KRAFLA;lithostratigraphy;historical;field;Norway;;MUNIN;SCE;2025-09-01T23:43:17;smda_fme;2018-04-17T12:55:44;STRATMASTER;;STAT;ad215071-c4c9-2e4b-e053-c918a4881b5c
GGM INTRA LITHO COLUMN;lithostratigraphy;unknown;;;;;SLEGGE;2020-08-18T07:47:17;STRATMASTER;2018-04-17T12:55:44;STRATMASTER;;STAT;ad215071-c4b2-2e4b-e053-c918a4881b5c
LITHO_OSEBERG_EAST;lithostratigraphy;official;field;Norway;;OSEBERG ØST;SCE;2025-08-31T23:38:45;smda_fme;2018-04-17T12:55:44;STRATMASTER;;STAT;ad215071-c558-2e4b-e053-c918a4881b5c
YME95;lithostratigraphy;historical;field;Norway;;YME;SLEGGE;2025-08-31T23:38:45;smda_fme;2018-04-17T16:55:44;STRATMASTER;POL;STAT;ad215071-c504-2e4b-e053-c918a4881b5c
Reservoir_HULDRA;lithostratigraphy;official;field;Norway;;HULDRA;SCE;2025-08-31T23:38:45;smda_fme;2018-04-17T12:55:44;STRATMASTER;;STAT;ad215071-c493-2e4b-e053-c918a4881b5c
LITHO_HALTEN_SOR;lithostratigraphy;official;field;Norway;;"TRESTAKK;TYRIHANS";SCE;2025-08-31T23:38:45;smda_fme;2018-04-17T12:55:44;STRATMASTER;;STAT;ad215071-c501-2e4b-e053-c918a4881b5c
Smoerbukk;lithostratigraphy;historical;discovery;Norway;;;SCE;2022-02-09T14:24:23;db_admin;2018-04-17T12:55:44;STRATMASTER;;STAT;ad215071-c538-2e4b-e053-c918a4881b5c
CHRONO LIBYA;chronostratigraphy;historical;regional;;;;SLEGGE;2022-03-17T10:36:39;smda_opus;2018-04-17T14:55:44;STRATMASTER;;STAT;ad215071-c55f-2e4b-e053-c918a4881b5c
GARANTIANA;lithostratigraphy;official;discovery;Norway;;"34/6-2 S (Garantiana);34/6-5 S;GARANTIANA";SCE;2026-03-17T21:29:46;smda_fme;2019-07-30T09:48:32;STRATMASTER;;STAT;ad215071-c49f-2e4b-e053-c918a4881b5c
LITHO_SLEIPNER_OST;lithostratigraphy;official;field;Norway;;SLEIPNER ØST;SCE;2025-08-31T23:38:45;smda_fme;2018-04-17T12:55:44;STRATMASTER;;STAT;ad215071-c4d6-2e4b-e053-c918a4881b5c
NORNE_2010;lithostratigraphy;historical;field;Norway;;NORNE;SLEGGE;2025-08-31T23:38:45;smda_fme;2018-04-17T12:55:44;STRATMASTER;;STAT;ad215071-c53c-2e4b-e053-c918a4881b5c
STATOIL BIOZONATION 2012;biostratigraphy;historical;global;;;;SCE;2021-12-20T09:30:31;db_admin;2018-04-17T12:55:44;STRATMASTER;;STAT;ad215071-c4bc-2e4b-e053-c918a4881b5c
Norwegian-Danish Basin;lithostratigraphy;historical;regional;;;;SLEGGE;2022-03-17T14:00:05;smda_opus;2018-04-17T14:55:44;STRATMASTER;;STAT;ad215071-c4ee-2e4b-e053-c918a4881b5c
Middle Neritic;lithostratigraphy;historical;regional;;;;SLEGGE;2022-09-01T10:26:22;smda_opus;2018-04-17T16:55:44;STRATMASTER;;STAT;ad215071-c4af-2e4b-e053-c918a4881b5c
SEIS_MARKERS;sequence stratigraphy;unknown;global;;;;SLEGGE;2022-03-17T11:51:03;smda_opus;2018-04-17T14:55:44;STRATMASTER;;STAT;ad215071-c4b0-2e4b-e053-c918a4881b5c
Snorre Litho;lithostratigraphy;historical;field;Norway;;SNORRE;SLEGGE;2025-08-31T23:38:45;smda_fme;2018-04-17T12:55:44;STRATMASTER;;STAT;ad215071-c4d5-2e4b-e053-c918a4881b5c
LITHOSTRAT SAUDI;lithostratigraphy;historical;regional;Saudi Arabia;;;SLEGGE;2023-02-27T15:02:39;smda_opus;2018-04-17T16:55:44;STRATMASTER;;STAT;ad215071-c4c0-2e4b-e053-c918a4881b5c
SB_GoM;sequence stratigraphy;historical;regional;United States;;;SLEGGE;2022-09-01T10:43:28;smda_opus;2018-04-17T16:55:44;STRATMASTER;;STAT;ad215071-c4ff-2e4b-e053-c918a4881b5c
AUS SUPERSEQUENCES CEDUNA;sequence stratigraphy;official;regional;Australia;Ceduna;;SCE;2025-08-31T23:38:45;smda_fme;2019-09-12T15:41:39;STRATMASTER;;STAT;ad215071-c572-2e4b-e053-c918a4881b5c
CAPE VULTURE;lithostratigraphy;official;field development;Norway;;"6608/10-17 S Verdande;VERDANDE";SCE;2025-08-31T23:38:45;smda_fme;2021-05-05T17:35:55;STRATMASTER;;STAT;c1964636-ca2a-f031-e053-c818a488a504
LITHO_SMS_2014;lithostratigraphy;official;discovery;Norway;;6506/12-3 Smørbukk Sør;SCE;2025-08-31T23:38:45;smda_fme;2018-04-17T14:55:44;STRATMASTER;Smørbrukk , discovery part of Åsgard;STAT;ad215071-c547-2e4b-e053-c918a4881b5c
GLITNE;lithostratigraphy;official;field;Norway;;GLITNE;SLEGGE;2025-08-31T23:38:45;smda_fme;2018-04-17T12:55:44;STRATMASTER;?;STAT;ad215071-c53f-2e4b-e053-c918a4881b5c
ALG ISG SOUTHERN FIELD LITHO;lithostratigraphy;historical;regional;Algeria;;;SLEGGE;2022-03-17T13:31:12;smda_opus;2018-04-17T18:55:44;STRATMASTER;Lithostratigraphic names of Sequence strat units;STAT;ad215071-c516-2e4b-e053-c918a4881b5c
LITHOSTRAT_NORNE;lithostratigraphy;historical;field;Norway;;NORNE;SLEGGE;2025-08-31T23:38:45;smda_fme;2018-04-17T12:55:44;STRATMASTER;;STAT;ad215071-c4da-2e4b-e053-c918a4881b5c
Smoerbukk Sor;lithostratigraphy;historical;discovery;Norway;;;SCE;2022-02-09T14:24:23;db_admin;2018-04-17T12:55:44;STRATMASTER;;STAT;ad215071-c528-2e4b-e053-c918a4881b5c
Full Field Model FFM05;lithostratigraphy;historical;field;Norway;;STATFJORD;SLEGGE;2025-08-31T23:38:45;smda_fme;2018-04-17T16:55:44;STRATMASTER;?;STAT;ad215071-c563-2e4b-e053-c918a4881b5c
GF_SAT_PRE2009;lithostratigraphy;historical;field;Norway;;GULLFAKS SØR;SCE;2025-09-01T23:43:17;smda_fme;2021-05-11T08:56:57;STRATMASTER;;STAT;c2096664-6057-f923-e053-c918a4889c24
Kvitebjorn Field 2008;lithostratigraphy;historical;field;Norway;;KVITEBJØRN;SLEGGE;2025-08-31T23:38:45;smda_fme;2018-04-17T12:55:44;STRATMASTER;;STAT;ad215071-c4a4-2e4b-e053-c918a4881b5c
LITHOSTRAT_NVG_EAST_SHETLAND_BASIN;lithostratigraphy;official;regional;"Norway;United Kingdom";"Bergen High (Horda Platform);East Shetland Basin (Viking Graben Province);Lomre Terrace (Viking Graben Province);Maloy Slope (Viking Graben Province);Marflo Spur (Viking Graben Province);North Viking Graben (Viking Graben Province);Oseberg Fault Block (Horda Platform);Selje Horst (Viking Graben Province);Sogn Graben (Viking Graben Province);Tampen Spur (Viking Graben Province);Uer Terrace (Viking Graben Province)";;SCE;2025-08-31T23:38:45;smda_fme;2019-03-22T12:45:51;STRATMASTER;;STAT;ad215071-c495-2e4b-e053-c918a4881b5c
NNWA_SANDS;lithostratigraphy;official;field;Nigeria;;NNWA;SLEGGE;2025-08-31T23:38:45;smda_fme;2018-04-17T14:55:44;STRATMASTER;;STAT;ad215071-c4a6-2e4b-e053-c918a4881b5c
Statfjord Full Field Model;lithostratigraphy;historical;field;Norway;;STATFJORD;SLEGGE;2025-08-31T23:38:45;smda_fme;2018-04-17T14:55:44;STRATMASTER;Use for reservoir model 2005;STAT;ad215071-c551-2e4b-e053-c918a4881b5c
NJORD;lithostratigraphy;historical;field;Norway;;NJORD;SLEGGE;2025-08-31T23:38:45;smda_fme;2018-04-17T12:55:44;STRATMASTER;;STAT;ad215071-c554-2e4b-e053-c918a4881b5c
Vigdis Seq Strat;lithostratigraphy;historical;field;Norway;;VIGDIS;SCE;2025-09-01T23:43:17;smda_fme;2018-11-09T10:03:41;STRATMASTER;;STAT;ad215071-c48b-2e4b-e053-c918a4881b5c
LITHOSTRAT CAMPOS;lithostratigraphy;official;regional;Brazil;Campos;;SCE;2025-08-31T23:38:45;smda_fme;2018-08-14T15:46:24;STRATMASTER;;STAT;ad215071-c565-2e4b-e053-c918a4881b5c
GoM Equat Nanno Events;biostratigraphy;official;regional;United States;;;SCE;2022-03-28T13:10:24;smda_opus;2018-04-17T16:55:44;STRATMASTER;;STAT;ad215071-c4c3-2e4b-e053-c918a4881b5c
LITHO_LABRADOR;lithostratigraphy;historical;regional;Canada;;;SLEGGE;2022-03-17T10:16:21;smda_opus;2018-04-17T14:55:44;STRATMASTER;;STAT;ad215071-c4be-2e4b-e053-c918a4881b5c
LITHOSTRAT_CG;lithostratigraphy;official;regional;Norway;Central Graben Province;;SCE;2026-03-25T08:49:27;smda_fme;2018-04-17T12:55:44;STRATMASTER;;STAT;ad215071-c52d-2e4b-e053-c918a4881b5c
LITHO_GJOA;lithostratigraphy;official;field;Norway;;GJØA;SCE;2025-08-31T23:38:45;smda_fme;2018-04-17T12:55:44;STRATMASTER;;STAT;ad215071-c50a-2e4b-e053-c918a4881b5c
AGBAMI_SANDS;lithostratigraphy;official;field;Nigeria;;AGBAMI;SLEGGE;2025-08-31T23:38:45;smda_fme;2018-04-17T14:55:44;STRATMASTER;Reservoir zonation;STAT;ad215071-c546-2e4b-e053-c918a4881b5c
Midgard;lithostratigraphy;official;discovery;Norway;;6507/11-1 Midgard;SCE;2025-08-31T23:38:45;smda_fme;2018-04-17T12:55:44;STRATMASTER;;STAT;ad215071-c51f-2e4b-e053-c918a4881b5c
LITHOSTRAT_JEQUITINHONHA;lithostratigraphy;unknown;regional;Brazil;;;SLEGGE;2022-09-01T10:20:25;smda_opus;2018-04-17T14:55:44;STRATMASTER;;STAT;ad215071-c4b5-2e4b-e053-c918a4881b5c
SLP_PRODUCING_ZONES;lithostratigraphy;historical;field;Norway;;;SLEGGE;2022-03-17T11:51:09;smda_opus;2018-04-17T14:55:44;STRATMASTER;;STAT;ad215071-c4c4-2e4b-e053-c918a4881b5c
BRAZIL_SANTOS_CAMPOS_ES_SEIS_SEQ;sequence stratigraphy;official;regional;Brazil;"Campos;Espirito Santo;Santos";;SCE;2025-08-31T23:38:45;smda_fme;2021-03-23T13:34:56;STRATMASTER;;STAT;be3468eb-3c53-f955-e053-c818a4885522
BRAZIL_LITHO_PEREGRINO 2014;lithostratigraphy;official;field;Brazil;;"PEREGRINO;PITANGOLA";SCE;2025-08-31T23:38:45;smda_fme;2018-04-17T14:55:44;STRATMASTER;;STAT;ad215071-c4b3-2e4b-e053-c918a4881b5c
FRAM VEST;lithostratigraphy;official;field;Norway;;"BYRDING;FRAM;FRAM H-NORD";SCE;2025-11-27T21:33:33;smda_fme;2018-11-29T14:35:15;STRATMASTER;;STAT;ad215071-c490-2e4b-e053-c918a4881b5c
Outer Neritic;lithostratigraphy;historical;regional;;;;SLEGGE;2022-09-01T10:26:24;smda_opus;2018-04-17T16:55:44;STRATMASTER;;STAT;ad215071-c4ea-2e4b-e053-c918a4881b5c
Mid-Norway;lithostratigraphy;historical;regional;Norway;;;SLEGGE;2020-08-18T07:47:17;STRATMASTER;2018-04-17T12:55:44;STRATMASTER;;STAT;ad215071-c54e-2e4b-e053-c918a4881b5c
LITHO_HALTENBANKEN_VEST_M2003;lithostratigraphy;historical;field;Norway;;;SLEGGE;2022-03-17T10:23:55;smda_opus;2018-04-17T14:55:44;STRATMASTER;;STAT;ad215071-c562-2e4b-e053-c918a4881b5c
Reservoir_Statfjord_Nord02;lithostratigraphy;historical;field;Norway;;STATFJORD NORD;SLEGGE;2025-08-31T23:38:45;smda_fme;2018-04-17T14:55:44;STRATMASTER;;STAT;ad215071-c4f8-2e4b-e053-c918a4881b5c
ALGERIA FORMATIONS EGI;lithostratigraphy;official;regional;Algeria;;;SCE;2022-03-17T11:28:51;smda_opus;2018-04-17T16:55:44;STRATMASTER;EGI -External-  study/ geochemical data  scanned wells (North Africa: Libya, Egypt, morrocco , Algeria, unisia , Med sea)  2004 (probably historical);STAT;ad215071-c4cc-2e4b-e053-c918a4881b5c
LITHOSTRAT_Murzuq;lithostratigraphy;historical;regional;Libya;Murzuq;;SLEGGE;2025-08-31T23:38:45;smda_fme;2018-04-17T14:55:44;STRATMASTER;;STAT;ad215071-c4aa-2e4b-e053-c918a4881b5c
GF_Brent_modell;lithostratigraphy;official;field;Norway;;GULLFAKS;SCE;2025-09-01T23:43:17;smda_fme;2018-04-17T16:55:44;STRATMASTER;"use for reservoir modelling tasks ";STAT;ad215071-c4bf-2e4b-e053-c918a4881b5c
SEQEUNCE_Statfjord FFM05;sequence stratigraphy;historical;field;Norway;;STATFJORD;SLEGGE;2025-08-31T23:38:45;smda_fme;2018-04-17T12:55:44;STRATMASTER;;STAT;ad215071-c53e-2e4b-e053-c918a4881b5c
Lower Slope;lithostratigraphy;historical;regional;;;;SLEGGE;2022-09-01T10:21:28;smda_opus;2018-04-17T16:55:44;STRATMASTER;;STAT;ad215071-c54f-2e4b-e053-c918a4881b5c
LITHOSTRAT BERYL_SVG UK;lithostratigraphy;official;regional;United Kingdom;;;SCE;2021-01-13T14:48:06;STRATMASTER;2021-01-13T10:26:50;STRATMASTER;UK Offical lithostratigraphy for Beryl Embayment and South Viking Graben (2016);STAT;b8c5bd23-3383-8579-e053-c818a4880115
LITHOSTRAT NEUQUEN BASIN;lithostratigraphy;official;regional;Argentina;Neuquen;;SCE;2025-08-31T23:38:45;smda_fme;2021-02-16T11:33:37;STRATMASTER;;STAT;bb72a293-c9b0-218e-e053-c818a488589b
Marginal Marine;lithostratigraphy;historical;regional;;;;SLEGGE;2022-03-17T14:00:25;smda_opus;2018-04-17T16:55:44;STRATMASTER;;STAT;ad215071-c4fa-2e4b-e053-c918a4881b5c
LITHOSTRAT_MIDN;lithostratigraphy;official;regional;Norway;"More Basin;More Platform;Norwegian Sea DW;Norwegian Sea SW;Trondelag Platform;Vestfjord Basin;Voring Basin;Voring Plateau";;SCE;2026-03-25T08:23:49;smda_fme;2018-04-17T12:55:44;STRATMASTER;;STAT;ad215071-c4b9-2e4b-e053-c918a4881b5c
Statfjord_FFM05_RUM;lithostratigraphy;historical;field;Norway;;STATFJORD;SLEGGE;2025-08-31T23:38:45;smda_fme;2018-04-17T12:55:44;STRATMASTER;;STAT;ad215071-c4e4-2e4b-e053-c918a4881b5c
Upper Slope;lithostratigraphy;historical;regional;;;;SLEGGE;2022-09-01T13:44:55;smda_opus;2018-04-17T16:55:44;STRATMASTER;;STAT;ad215071-c4ef-2e4b-e053-c918a4881b5c
Bathyal;lithostratigraphy;historical;regional;;;;SLEGGE;2022-08-31T15:43:51;smda_opus;2018-04-17T16:55:44;STRATMASTER;;STAT;ad215071-c52c-2e4b-e053-c918a4881b5c
LITHO_GINA_KROG_2016;lithostratigraphy;historical;field;Norway;;GINA KROG;SCE;2025-08-31T23:38:45;smda_fme;2019-05-29T11:29:27;STRATMASTER;;STAT;ad215071-c49d-2e4b-e053-c918a4881b5c
SEQ_Statfjord_Bronnbok;sequence stratigraphy;historical;;;;;SLEGGE;2022-03-08T12:40:04;db_admin;2018-04-17T12:55:44;STRATMASTER;;STAT;ad215071-c4d2-2e4b-e053-c918a4881b5c
HEGRE;lithostratigraphy;historical;;Norway;;;SLEGGE;2022-03-17T14:00:15;smda_opus;2018-04-17T14:55:44;STRATMASTER;;STAT;ad215071-c541-2e4b-e053-c918a4881b5c
VISUND;lithostratigraphy;historical;field;Norway;;VISUND;SCE;2025-08-31T23:38:45;smda_fme;2018-04-17T12:55:44;STRATMASTER;;STAT;ad215071-c488-2e4b-e053-c918a4881b5c
GoM CHRONO 2011;chronostratigraphy;historical;regional;United States;;;SLEGGE;2022-03-17T14:00:27;smda_opus;2018-04-17T16:55:44;STRATMASTER;;STAT;ad215071-c530-2e4b-e053-c918a4881b5c
PALYNO ZONE;biostratigraphy;historical;global;;;;SLEGGE;2022-09-01T10:26:27;smda_opus;2018-04-17T16:55:44;STRATMASTER;;STAT;ad215071-c505-2e4b-e053-c918a4881b5c
BRAZIL_CAMPOS_BASIN_SEQ;sequence stratigraphy;historical;regional;Brazil;;;SLEGGE;2022-03-17T10:10:54;smda_opus;2018-04-17T16:55:44;STRATMASTER;Official sequence stratigraphy for Brazil?;STAT;ad215071-c4f6-2e4b-e053-c918a4881b5c
LITHO_SVALIN;lithostratigraphy;historical;field;Norway;;SVALIN;SCE;2025-08-31T23:38:45;smda_fme;2018-04-17T12:55:44;STRATMASTER;;STAT;ad215071-c4d9-2e4b-e053-c918a4881b5c
TAHITI_CT_HEIDEL CVX;lithostratigraphy;official;field;United States;;TAHITI;SLEGGE;2025-08-31T23:38:45;smda_fme;2018-04-17T16:55:44;STRATMASTER;;STAT;ad215071-c51a-2e4b-e053-c918a4881b5c
LITHO_JOHAN_CASTBERG;lithostratigraphy;official;field;Norway;;JOHAN CASTBERG;SCE;2025-09-01T23:43:17;smda_fme;2018-12-04T12:01:23;STRATMASTER;;STAT;ad215071-c492-2e4b-e053-c918a4881b5c
LITHO_MIDN_DT;lithostratigraphy;official;regional;Norway;;;SCE;2022-03-17T13:44:42;smda_opus;2018-04-17T14:55:44;STRATMASTER;;STAT;ad215071-c4a1-2e4b-e053-c918a4881b5c
Robertson Sequence Boundaries;sequence stratigraphy;unknown;global;;;;SLEGGE;2022-03-17T11:51:01;smda_opus;2018-04-17T14:55:44;STRATMASTER;;STAT;ad215071-c503-2e4b-e053-c918a4881b5c
LITHOSTRAT IMF OMF;lithostratigraphy;official;regional;United Kingdom;Moray Firth Province;;SCE;2025-08-31T23:38:45;smda_fme;2021-01-13T10:27:47;STRATMASTER;UK Offical lithostratigraphy for Inner Moray Firth and Outer Moray Firth (2016);STAT;b8c5c08c-2d8e-8f11-e053-c818a4880228
RIMFAKSDALEN 2012;lithostratigraphy;historical;discovery;Norway;;34/10-17 Rimfaks;SLEGGE;2025-08-31T23:38:45;smda_fme;2018-04-17T14:55:44;STRATMASTER;Gullfaks satellite Rimfaks Brent 34/10-53 S;STAT;ad215071-c52e-2e4b-e053-c918a4881b5c
KAZAKSTAN;lithostratigraphy;historical;regional;Kazakhstan;;;SLEGGE;2022-03-17T11:20:58;smda_opus;2018-04-17T14:55:44;STRATMASTER;historical data from Kazakstan;STAT;ad215071-c508-2e4b-e053-c918a4881b5c
GoM Equat Benth. Foram Events;biostratigraphy;official;regional;United States;;;SCE;2022-03-28T13:10:26;smda_opus;2018-04-17T16:55:44;STRATMASTER;;STAT;ad215071-c527-2e4b-e053-c918a4881b5c
EQUAT PLANK. FORAM EVENTS;biostratigraphy;historical;global;;;;SCE;2022-08-31T15:43:53;smda_opus;2018-04-17T18:55:44;STRATMASTER;;STAT;ad215071-c4c6-2e4b-e053-c918a4881b5c
KRAFLA EXTENDED (BL30/11);lithostratigraphy;official;field;Norway;;MUNIN;SCE;2025-09-01T23:43:17;smda_fme;2018-04-17T12:55:44;STRATMASTER;;STAT;ad215071-c520-2e4b-e053-c918a4881b5c
VEGA;lithostratigraphy;official;field;Norway;;VEGA;SCE;2025-08-31T23:38:45;smda_fme;2018-11-29T14:35:19;STRATMASTER;;STAT;ad215071-c491-2e4b-e053-c918a4881b5c
Tordis Vigdis Seq Strat;sequence stratigraphy;official;field;Norway;;"TORDIS;VIGDIS";SCE;2025-09-01T23:43:17;smda_fme;2018-11-09T10:03:42;STRATMASTER;Mix of Lithostratigraphy in Overburden section and sequence stratigraphy at reservoir level for reservoir zonation (flow units).;STAT;ad215071-c48c-2e4b-e053-c918a4881b5c
SFINX GFSQ94;lithostratigraphy;historical;;Norway;;;SLEGGE;2022-03-17T11:51:05;smda_opus;2018-04-17T14:55:44;STRATMASTER;;STAT;ad215071-c544-2e4b-e053-c918a4881b5c
Tordis_Vigdis_Litho;lithostratigraphy;historical;field;Norway;;;SCE;2021-11-25T07:03:32;db_admin;2018-04-17T12:55:44;STRATMASTER;;STAT;ad215071-c559-2e4b-e053-c918a4881b5c
ALG ISG SOUTHERN FIELD;sequence stratigraphy;historical;regional;Algeria;;;SLEGGE;2022-03-17T13:31:10;smda_opus;2018-04-17T18:55:44;STRATMASTER;"sequence stratigraphy ";STAT;ad215071-c4e0-2e4b-e053-c918a4881b5c
NORNE_2009;lithostratigraphy;historical;field;Norway;;NORNE;SLEGGE;2025-08-31T23:38:45;smda_fme;2018-04-17T12:55:44;STRATMASTER;;STAT;ad215071-c556-2e4b-e053-c918a4881b5c
LITHO_SLV_2005;lithostratigraphy;historical;field;Norway;;SLEIPNER VEST;SLEGGE;2025-08-31T23:38:45;smda_fme;2018-04-17T12:55:44;STRATMASTER;;STAT;ad215071-c4c1-2e4b-e053-c918a4881b5c
GULLFAKS;lithostratigraphy;official;field;Norway;;"GIMLE;GULLFAKS;SINDRE";SCE;2025-09-01T23:43:17;smda_fme;2018-04-17T12:55:44;STRATMASTER;;STAT;ad215071-c4d7-2e4b-e053-c918a4881b5c
LITHO_ESPERITO;lithostratigraphy;historical;regional;Brazil;Espirito Santo;;SLEGGE;2025-08-31T23:38:45;smda_fme;2018-04-17T14:55:44;STRATMASTER;;STAT;ad215071-c51b-2e4b-e053-c918a4881b5c
LITHO_OSEBERG_DELTA2;lithostratigraphy;official;field;Norway;;OSEBERG;SCE;2025-09-01T23:43:17;smda_fme;2018-04-17T12:55:44;STRATMASTER;;STAT;ad215071-c4c8-2e4b-e053-c918a4881b5c
MICROPAL ZONE;biostratigraphy;historical;global;;;;SLEGGE;2022-09-01T10:26:28;smda_opus;2018-04-17T16:55:44;STRATMASTER;;STAT;ad215071-c521-2e4b-e053-c918a4881b5c
LITHOSTRAT_BARREIRINHAS;lithostratigraphy;unknown;regional;Brazil;;;SLEGGE;2022-09-01T10:20:27;smda_opus;2018-04-17T14:55:44;STRATMASTER;;STAT;ad215071-c518-2e4b-e053-c918a4881b5c
RUM Full Field Model;lithostratigraphy;official;field;Norway;;STATFJORD;SCE;2025-08-31T23:38:45;smda_fme;2018-04-17T14:55:44;STRATMASTER;?;STAT;ad215071-c510-2e4b-e053-c918a4881b5c
NJORD_AREA_2021;lithostratigraphy;official;field;Norway;;"BAUGE;HYME;NJORD";SCE;2025-08-31T23:38:45;smda_fme;2021-03-26T14:20:47;STRATMASTER;;STAT;be716664-34d3-30ff-e053-c918a488c909
LITHO_BSR;lithostratigraphy;official;regional;Tanzania;Tanzania;;SCE;2025-08-31T23:38:45;smda_fme;2020-01-09T11:28:07;STRATMASTER;;STAT;ad215071-c570-2e4b-e053-c918a4881b5c
LITHOSTRAT CG UK;lithostratigraphy;official;regional;United Kingdom;Central Graben Province;;SCE;2025-08-31T23:38:45;smda_fme;2021-01-13T10:26:56;STRATMASTER;UK Offical lithostratigraphy for Central Graben (2016);STAT;b8c5bd83-a348-864d-e053-c818a488a22b
ALG_IA_TIG_STRAT_TEAM;lithostratigraphy;official;field;Algeria;;IN AMENAS;SCE;2025-08-31T23:38:45;smda_fme;2019-12-19T15:38:57;STRATMASTER;;STAT;ad215071-c576-2e4b-e053-c918a4881b5c
LITHO Plataforma Deltana;lithostratigraphy;historical;field;Venezuela;;;SLEGGE;2022-09-01T09:58:30;smda_opus;2018-04-17T16:55:44;STRATMASTER;;STAT;ad215071-c4d4-2e4b-e053-c918a4881b5c
MFS;;official;global;;;;SCE;2020-08-18T07:47:17;STRATMASTER;2018-04-17T12:55:44;STRATMASTER;;STAT;ad215071-c52f-2e4b-e053-c918a4881b5c
LITHOSTRAT_BSEA;lithostratigraphy;official;regional;Norway;"Barents Sea Northwest;Barents Sea Southwest";;SCE;2026-02-23T12:37:37;smda_fme;2018-04-17T12:55:44;STRATMASTER;;STAT;ad215071-c4fe-2e4b-e053-c918a4881b5c
LITHO_OSEBERG_DELTA;lithostratigraphy;official;field;Norway;;OSEBERG;SCE;2025-09-01T23:43:17;smda_fme;2018-04-17T12:55:44;STRATMASTER;;STAT;ad215071-c53a-2e4b-e053-c918a4881b5c
NOKKEN;lithostratigraphy;official;discovery;Norway;;"34/11-2 S (Nøkken);Nøkken (unofficial name)";SCE;2025-08-31T23:38:45;smda_fme;2021-09-06T09:41:04;STRATMASTER;;STAT;cb4fc56f-2e7a-d934-e053-c918a488deb8
CHRONO_2020;chronostratigraphy;official;global;;;;SCE;2022-03-17T10:36:43;smda_opus;2021-11-03T15:11:49;smda_fme;;STAT;f0a87272-453b-47cb-85fe-82ba8caba9ba
EQUINOR NCS BIOZONATION GTS2020;biostratigraphy;official;regional;;;;SCE;2023-08-08T06:29:24;smda_opus;2021-11-03T16:12:42;smda_fme;;STAT;5bd2b968-a4de-48be-84b5-9fc16cad53b2
LITHO_ASTERIX;lithostratigraphy;official;discovery;Norway;;6705/10-1 Irpa;SCE;2025-08-31T23:38:45;smda_fme;2021-11-12T09:14:42;smda_fme;;STAT;e320d9cf-924a-4745-94ef-57033abcdb84
EQUINOR GOM BIOZONATION_GTS2012;biostratigraphy;historical;regional;United States;;;SCE;2022-08-31T15:43:55;smda_opus;2021-12-02T11:28:40;smda_fme;;STAT;5e000145-38c2-4363-a72c-68fabed161de
LITHOSTRAT UK SNS;lithostratigraphy;official;regional;United Kingdom;"Cleveland Basin (Anglo-Dutch Basin);Indefatigable Shelf (Anglo-Dutch Basin);North Dogger Shelf (Anglo-Dutch Basin);Silverpit Basin (Anglo-Dutch Basin);Silverpit Platform (Anglo-Dutch Basin);Sole Pit Basin (Anglo-Dutch Basin)";;SCE;2025-08-31T23:38:45;smda_fme;2022-01-25T07:55:07;smda_fme;;STAT;61c2d577-1e6d-49cd-bf68-08ccf73d50c8
FRAM;lithostratigraphy;official;field;Norway;;35/11-4 Fram;SCE;2025-08-31T23:38:45;smda_fme;2022-08-26T15:29:50;smda_fme;;STAT;446ac4b3-5044-4fdb-9925-1503476c9ba1
JOHAN SVERDRUP 2015;lithostratigraphy;official;field;Norway;;JOHAN SVERDRUP;SCE;2025-08-31T23:38:45;smda_fme;2022-09-16T11:50:00;smda_opus;;STAT;ad215071-c4f1-2e4b-e053-c918a4881b5c
VERDANDE;lithostratigraphy;official;field;Norway;;"6607/12-4 (Alve Nordøst);6608/10-17 S Verdande;VERDANDE";SCE;2025-08-31T23:38:45;smda_fme;2023-03-29T16:08:48;smda_fme;;STAT;b695c2bd-f1e3-49ed-9141-25cf18a7741e
GROSBEAK;lithostratigraphy;official;field development;Norway;;"35/12-2 (Grosbeak);Grosbeak (unofficial name)";SCE;2025-08-31T23:38:45;smda_fme;2023-06-29T14:04:29;smda_fme;;STAT;a2684f02-4f04-4ce6-add3-747c21e15979
EQUINOR GOM BIOZONATION_GTS2020;biostratigraphy;official;regional;United States;;;SCE;2023-08-15T11:28:54;smda_opus;2023-08-15T10:24:01;smda_fme;;BIOS;63477b4f-bb75-4e7f-9f40-9226e1c24cea
RINGVEI VEST;lithostratigraphy;official;discovery;Norway;;"35/11-22 S (Bergand);35/11-24 S (Swisher);35/11-26 S (Mulder);35/11-5";SCE;2025-08-31T23:38:45;smda_fme;2023-11-13T13:08:58;smda_fme;;STAT;2cb4e3e4-e992-445e-b7b9-e1de278620e2
EQUINOR US GOM 100 BioHorizons;biostratigraphy;official;;;;;XLS;2024-05-08T14:16:28;smda_fme;2024-05-08T14:16:28;smda_fme;;BIOS;d30afb45-7f8e-431f-8855-1e698ad94439
SVALIN_2023;lithostratigraphy;official;field;Norway;;SVALIN;SCE;2025-08-31T23:38:45;smda_fme;2024-09-03T13:49:17;smda_fme;;STAT;aba9c91b-0b2e-4f94-a470-273457cb1582
GF_SAT;lithostratigraphy;official;field;Norway;;GULLFAKS SØR;SCE;2025-10-02T10:34:05;smda_fme;2024-09-12T09:51:15;smda_fme;;STAT;5a6a4c1c-9e54-40bd-8f15-a5bb96c5b47f
LITHO_WISTING;lithostratigraphy;official;field development;Norway;;Wisting (unofficial name);SCE;2025-11-05T13:50:49;smda_opus;2025-02-17T09:00:29;smda_fme;;STAT;7c0303eb-36b4-4fc6-aee1-48ba255d0d33
VISUND 2024;lithostratigraphy;official;field;Norway;;"VISUND;VISUND SØR";SCE;2025-08-31T23:38:45;smda_fme;2025-02-19T11:00:39;smda_fme;;STAT;0f8fd297-d5f1-45f3-8fd1-0458fd25ecc9
LITHO Vito;lithostratigraphy;official;field;United States;;VITO;SCE;2025-08-31T23:38:45;smda_fme;2025-03-31T08:09:35;smda_fme;RITM3685391;STAT;3f7b5ed5-ea98-4f6d-b820-c96ad1462c10
NNA_AREA_2024;lithostratigraphy;official;;;;;SCE;2025-04-03T13:36:09;smda_fme;2025-04-03T13:36:03;smda_fme;;STAT;ff4f21c7-5dfb-4687-afc5-ac220a5df970
LITHO_UTGARD;lithostratigraphy;official;field;Norway;;UTGARD;SCE;2025-08-31T23:38:45;smda_fme;2025-05-05T13:02:51;smda_fme;;STAT;78f934c8-aa1f-47a9-84a3-13253ad030fb
LITHO_HALTEN_OST;lithostratigraphy;official;field;Norway;;HALTEN ØST;SCE;2025-09-01T23:43:17;smda_fme;2025-08-21T09:52:42;smda_fme;RITM3844676;STAT;0e16e240-ea12-4a19-ac75-72de9bae40dd
LITHO ROSEBANK;lithostratigraphy;official;;United Kingdom;;ROSEBANK;SCE;2026-03-09T21:03:32;smda_fme;2025-09-11T10:43:34;smda_fme;;STAT;2c8e1c53-6de1-4e2a-a02e-1d7eb0431bcf
LITHO_GRANE_2025;lithostratigraphy;official;field;Norway;;"GRANE;SVALIN";SCE;2026-03-03T12:58:49;smda_fme;2026-02-23T12:33:06;smda_fme;RITM4072590;STAT;692713ea-346a-4018-9a82-b783cfdf2733